Name,List,Sub list,Tier,Notes,Action Cost,Day limit,Fight limit,Point cost,Length,Width Line,Shape,Range,Targets,Duration,Hit type,Damage,Damage type,Health,Temp Hp,SummonHP,SummonMove,SummonDmg,SummonAtkNum,Shared usage
Attack,Base,Base,0,Attack with your weapon,1A,,,,,,,,,,,,,,,,,,,
Dash,Base,Base,0,Gain movement up to your speed,1A,,,,,,,,,,,,,,,,,,,
Dodge,Base,Base,0,"When it's not your turn, gain 1d8 to your defenses",1A,,,,,,,,,,,,,,,,,,,
Disengage,Base,Base,0,You don't cause opportunity attacks this turn,1A,,,,,,,,,,,,,,,,,,,
Move,Base,Base,0,Gain movement up to your speed,1,,,,,,,,,,,,,,,,,,,
Interact,Base,Base,0,"Interact with an object. Provokes opportunity, interrupted if hit",1,,,,,,,,,,,,,,,,,,,
Opportunity,Base,Base,0,"When a creature in your melee attack range moves further away, you may make one attack at them",R,,,,,,,,,,,,,,,,,,,
Intervene,Base,Base,0,Take a hit For an adjacent creature. It becomes a heavy hit for you,R,,,,,,,,,,,,,,,,,,,
Push,Base,Base,0,Push the target -/5/10 ft away from you,1,,,,,,,5,,,Will,,,,,,,,,
Grapple,Base,Base,0,-/Apply Grappled/Grapple and move 5ft,1A,,,,,,,5,,,Focus,,,,,,,,,
Grapple Escape,Base,Base,0,Move 5 ft/Escape Grapple/escape and reset attack,1A,,,,,,,,,,Focus,,,,,,,,,
Pass,Base,Base,0,You can move through the opponent's space at 3/1/0 times cost,1,,,,,,,5,,,intuition,,,,,,,,,
Help,Base,Base,0,Remove an ailment from an ally,C,,,,,,,5,,,,,,,,,,,,
Pain tolerance,Beast,Bear,0,"When you first take damage in a round, gain temp HP after.",,,,,,,,,,,,,,,X,,,,,
Ferocious strikes,Beast,Bear,0,"On Medium hit, you may dX taunt the target",,,X,,,,,,,Concentration,,,,,,,,,,
Lick wounds,Beast,Bear,0,Mend restores more health,,,,,,,,,,,,,,X+1,,,,,,
Tough Hide,Beast,Bear,1,Gain 2dX to Defense,I,,X/2,,,,,,,Round,,,,,,,,,,
Maul,Beast,Bear,1,-/dX Daze 1 target/Daze all targets,S,,,,5,,reach,self,,,Focus,X/2X/3X,,,,,,,,
Heavy claws,Beast,Bear,1,"Your heavy hits attacks can dX Daze. Against Taunted creatures, this applies to medium hits",,,,,,,,,,Round,Will,,,,,,,,,
Vicious Regeneration,Beast,Bear,2,Can only use while bloodied. Heals you based on hit type,1A,,1,,,,,,,,Focus,3X/5X/7X,,3X/5X/7X,,,,,,
Ferocious Beast,Beast,Bear,2,Enemies with Will under 6 + HP refuse to fight you,,,,,,,,,,,,,,,,,,,,
Thick skin,Beast,Bear,2,You have resistance to Thermal damage. Increase your Intuition by 2,,,,,,,,,,,,,,,,,,,,
Lock Jaw,Beast,Croc,0,"Grappled opponents have a 2dX bane on attacks, and take damage when they fail",,,,,,,,,,,,2X,,,,,,,,
Quick Bite,Beast,Croc,0,You can use grapple as an opportunity attack,R,,,,,,,,,,,,,,,,,,,
Ambusher,Beast,Croc,0,"On the first turn of combat, gain 15ft of movement",,,,,,,,,,,,,,,,,,,,
Amphibian,Beast,Croc,1,Ignore difficult terrain. You have swim speed equal to your speed,,,,,,,,,,,,,,,,,,,,
Barrel Roll,Beast,Croc,1,"Move exactly 10ft without opportunity and make a weapon attack. If you're grappling, make an additional attack against the grappled target",S,,,,,,,,,,W,W,,,,,,,,
Unseen Threat,Beast,Croc,1,"When you break line of sight to a target, your next attack does more damage",,,,,,,,,,,,4X,,,,,,,,
Hidden traversal,Beast,Croc,2,"For this movement, turn invisible",I,,X/2,,,,,,,,,,,,,,,,,
Blood in the water,Beast,Croc,2,"Before you attack a bloodied creature, gain 1dX boon",,,,,,,,,,Round,,,,,,,,,,
Agile Tow,Beast,Croc,2,You are not slowed while grappling,,,,,,,,,,,,,,,,,,,,
Flourishing flames,Beast,Dragon,0,Heavy hits also deal Thermal damage and damage to another target behind,,,,,,,,,,,,X,W+Thermal,,,,,,,
Lumbering menace,Beast,Dragon,0,5 slow move,,,,,,,,,,,,,,,,,,,,
Fearsome fighter,Beast,Dragon,0,Frighten/Fear/+ a creature,1,,,,,,,,,round/+/combat,Will,,,,,,,,,
Breath of fire,Beast,Dragon,1,Make a weapon attack on every creature in a line,S,,X/2,,WR or 15,5,line,W,,,W,W,W+Thermal,,,,,,,
Massive threat,Beast,Dragon,1,"After using a slow ability, your next hit within one round is automatically heavy",,,,,,,,,,round,,,,,,,,,,
Dragon's descent,Beast,Dragon,1,"Jump to a location, make a weapon attack in an area",S,,X/2,,5,,cone,10X,,,,,,,,,,,,
The Claw,Beast,Dragon,2,"Jump to a target, and make a weapon attack. Target is Slowed 10/Dazed/Incapacitated",S,,,,,,,10,,Round,W,W+3X,,,,,,,,
Hoard Wealth,Beast,Dragon,2,"Every 3 adventuring days, increase your party gold by 10%",,,,,,,,,,,,,,,,,,,,
Enter the Dragon,Beast,Dragon,2,Deal additional damage and enter Dragon Stance: you can use Slow actions as Fast Actions instead,AMod,,X/2,,,,,,,Stance,,W+2X,W+Thermal,,,,,,,
Sharp eyes,Beast,Eagle,0,You can see clearly up to 0.5X miles,,,,,,,,,,,,,,,,,,,,
Weightless,Beast,Eagle,0,Landing a hit also triggers a Pass,,,,,,,,,,,,,,,,,,,,
Blinding talons,Beast,Eagle,0,Your critical hits blind,,,,,,,,,,round,,,,,,,,,,
Flyby,Beast,Eagle,1,Disengage,0,,X/2,,,,,,,,,,,,,,,,,
Divebomb,Beast,Eagle,1,Move 20ft toward your target and attack,1A,,X,,,,,W,,,W,W,,,,,,,,
Diving pass,Beast,Eagle,1,"Pass costs no actions this turn, and can be used multiple times. You may make a weapon attack against every enemy you pass through",1A,,X,,,,,,,,,,,,,,,,,
Cruel Talons,Beast,Eagle,2,Your medium hit cause targets to bleed each turn,,,,,,,,,,Ailment,,X,,,,,,,,
Precise Strike,Beast,Eagle,2,Can crit with a number 2 lower,Amod,,X,,,,,,,,W,W + X,,,,,,,,
Roost,Beast,Eagle,2,"After resting, gain temp hp.",,,,,,,,,,,,,,,6X,,,,,
Trample,Beast,Elephant,0,Deal more Damage to prone targets,,,,,,,,,,,,2X,,,,,,,,
Heavyweight,Beast,Elephant,0,Your Heavy hits may Push,,,,,,,,,,,,,,,,,,,,
Never forget,Beast,Elephant,0,You have photographic memory,,,,,,,,,,,,,,,,,,,,
Battle Trumpet,Beast,Elephant,1,You and your allies gain 10 movement. You can use this movement now,1,,X,,,,,,,round,,,,,,,,,,
Charge,Beast,Elephant,1,"Charge in a line, attacking all targets. Medium hits knock prone",1A,,X/2,,0.5M,10,line,self,,,Will,,,,,,,,,
Retaliation Thrash,Beast,Elephant,1,"When you are light hit in melee, You may attack - Medium hits knock prone ",R,,,,,,,,,,Focus,,,,,,,,,
Trunk grab,Beast,Elephant,2,-/Target is grappled/+ restrained while grappled by you,1A,,X/2,,,,,5X,,,Focus,2X/3X/4X,,,,,,,,
Team Gore,Beast,Elephant,2,After ally heavy hits this turn: -/Target is Stunned/+ ,S,,,,,,,5,,Round,,2X/4X/6X,,,,,,,,
Plan of action,Beast,Elephant,2,"Target ally can take one action. If they attack, this uses your attack action",0,,1,,,,,,,,,,,,,,,,,
,Beast,Elk,0,,,,,,,,,,,,,,,,,,,,,
,Beast,Elk,0,,,,,,,,,,,,,,,,,,,,,
,Beast,Elk,0,,,,,,,,,,,,,,,,,,,,,
,Beast,Elk,1,,,,,,,,,,,,,,,,,,,,,
,Beast,Elk,1,,,,,,,,,,,,,,,,,,,,,
,Beast,Elk,1,,,,,,,,,,,,,,,,,,,,,
,Beast,Fox,0,,,,,,,,,,,,,,,,,,,,,
,Beast,Fox,0,,,,,,,,,,,,,,,,,,,,,
,Beast,Fox,0,,,,,,,,,,,,,,,,,,,,,
,Beast,Fox,1,,,,,,,,,,,,,,,,,,,,,
,Beast,Fox,1,,,,,,,,,,,,,,,,,,,,,
,Beast,Fox,1,,,,,,,,,,,,,,,,,,,,,
,Beast,Frog,0,,,,,,,,,,,,,,,,,,,,,
,Beast,Frog,0,,,,,,,,,,,,,,,,,,,,,
,Beast,Frog,0,,,,,,,,,,,,,,,,,,,,,
,Beast,Frog,1,,,,,,,,,,,,,,,,,,,,,
,Beast,Frog,1,,,,,,,,,,,,,,,,,,,,,
,Beast,Frog,1,,,,,,,,,,,,,,,,,,,,,
Snake lunge,Beast,Rattler,0,,,,,,,,,,,,,,,,,,,,,
,Beast,Rattler,0,reactions,,,,,,,,,,,,,,,,,,,,
Poison fangs,Beast,Rattler,0,This reaction -/Poisons/,I,,X,,,,,,,,,,,,,,,,,
,Beast,Rattler,1,,,,,,,,,,,,,,,,,,,,,
,Beast,Rattler,1,,,,,,,,,,,,,,,,,,,,,
,Beast,Rattler,1,,,,,,,,,,,,,,,,,,,,,
,Beast,Scorpion,0,,,,,,,,,,,,,,,,,,,,,
,Beast,Scorpion,0,,,,,,,,,,,,,,,,,,,,,
,Beast,Scorpion,0,,,,,,,,,,,,,,,,,,,,,
Sting,Beast,Scorpion,1,-/Daze/Incapacitate the target,1A,,X/2,,,,,10,,Round,intuition,X/2X/3X,Bio+Physical,,,,,,,
,Beast,Scorpion,1,,,,,,,,,,,,,,,,,,,,,
,Beast,Scorpion,1,,,,,,,,,,,,,,,,,,,,,
Web senses,Beast,Spider,0,You have 10X Feet of tremorsense,,,,,,,,,,,,,,,,,,,,
Poison fangs,Beast,Spider,0,Medium hits with boons can poison the highest amount,,,,,,,,,,Round,Focus,,,,,,,,,
Trapdoor,Beast,Spider,0,"The first round of combat, your attacks have dX boon",,,,,,,,,,,,,,,,,,,,
Reel in,Beast,Spider,1,Pull a restrained creature toward you up to 5X+5 feet,1,,,,,,,30,,,,,,,,,,,,
Webbing strike,Beast,Spider,1,Make a weapon attack in range. It can Slow 5/ Slow 10/ Restrain dX,1A,,X,,,,,30,,round,intuition,,,,,,,,,
Wall climb,Beast,Spider,1,"You can climb walls at half speed, and take actions while on them",,,,,,,,,,,,,,,,,,,,
Careful steps,Beast,Spider,2,You are immune to slows and don't trigger traps,,,,,,,,,,,,,,,,,,,,
Web trap,Beast,Spider,2,Set a trap. Units moving in a 15 ft sphere trigger it. Targets are Slowed 15/ dX Restrained/+,C,,1,,25,,sphere,5,,Round/+/Ailment,Focus,,,,,,,,,
Spider's Prey,Beast,Spider,2,"After hitting a restrained, prone, incapacitated, or stunned creature, enter spider stance: You have 1dX attack boon",,,X/2,,,,,,,,,,,,,,,,,
Blazing speed,Beast,Tiger,0,You have 5X more speed,,,,,,,,,,,,,,,,,,,,
,Beast,Tiger,0,Fall damage is halved,,,,,,,,,,,,,,,,,,,,
,Beast,Tiger,0,,,,,,,,,,,,,,,,,,,,,
,Beast,Tiger,1,,,,,,,,,,,,,,,,,,,,,
,Beast,Tiger,1,,,,,,,,,,,,,,,,,,,,,
,Beast,Tiger,1,,,,,,,,,,,,,,,,,,,,,
Blood scent,Beast,Wolf,0,,,,,,,,,,,,,,,,,,,,,
,Beast,Wolf,0,,,,,,,,,,,,,,,,,,,,,
Pack tactics,Beast,Wolf,0,flanking bonus,,,,,,,,,,,,,,,,,,,,
,Beast,Wolf,1,,,,,,,,,,,,,,,,,,,,,
,Beast,Wolf,1,,,,,,,,,,,,,,,,,,,,,
,Beast,Wolf,1,,,,,,,,,,,,,,,,,,,,,
Inspiration,Class,Bard,1,Ally gains 1dX boon,I,X,,,,,,,,Round,,,,,,,,,,
Know a guy,Class,Bard,2,"Gain a Social Point each day, up to 7. Consume all points to make contact with someone of a faction/type you choose. Higher points create a more favorable interaction",OOC,,,,,,,,,,,,,,,,,,,
Guided by God,Class,Cleric,0,"Your power level is 1 lower. After communing for 2 min or using an ability, your power level is increased by 2 for the next ability",,,,,,,,,,,,,,,,,,,,
Spirit Manifestation,Class,Cleric,1,"Summon a spiritual weapon. It doesn't take up space, and moves and attacks on your turn",1,X,,,,,,15,,Combat,Focus,,,,,,20,1/2/3,,
Cleanse,Class,Cleric,2,Remove 1 harmful Effect from a creature,1,X,,,,,,,,,,,,,,,,,,
Ramping wrath,Class,Druid,0,"Your power level is 1 lower. At the end of each round, your power level is increased by 1, up to 2. Or, after communing for 2 min your next ability has 2 more power",,,,,,,,,,,,,,,,,,,,
Wild Shape,Class,Druid,1,Transform into a creature. Assign LVL points to its stats. Keep your defenses. Form ends when it dies. Damage doesn't carry over,1,X/2,,,,,,,,Hour,,,,,,8,30,2/3/4,,
Restoration,Class,Druid,2,Restore a creature's HP,OOC,X,,,,,,,,,,,,6X,,,,,,
Action Surge,Class,Fighter,1,"Gain 1 Action, reset your attack",0,,X/2,,,,,,,,,,,,,,,,,
Second Wind,Class,Fighter,2,Can only be used in combat,1A,,1,,,,,,,Combat,,,,,6X,,,,,
Soul Drain,Class,Hexblade,1,"Deal additional damage in area, including the target. Gain temp hp if it hits at least one target",AMod,,X/2,,15,,cone,W,,,Will,"2X/3X/4X
",Soul,,2X,,,,,
Spell Parry,Class,Hexblade,2,"Lower the hit type of a spell you recieve. Your next hit deals 3X additional damage to one target, with the type of the spell parried",R,,X,,,,,,,Combat,,,V,,,,,,,
Reactive Barrier,Class,Magitech,1,Give creature temp hp,R,X,,,,,,30,,round,,,,,4X,,,,,
Custom Weapon,Class,Magitech,2,You have 2X points to spend on upgrading your weapon.,,,,,,,,,,,,,,,,,,,,
Focused Fighter,Class,Monk,0,You have 2Lvl focus points. Regain all on rest,,,,,,,,,,,,,,,,,,,,
Ferocious Fists,Class,Monk,0,Your unarmed strikes deal improved damage,,,,,,,,,,,,X+2,,,,,,,,
Flurry of blows,Class,Monk,1,Add an unarmed swing to attack,0,,,1,,,,,,,,,,,,,,,,MonkBA
Step of the wind,Class,Monk,1,Dash,0,,,1,,,,,,,,,,,,,,,,MonkBA
Untouchable defense,Class,Monk,1,Disengage and add 1dX Defense,0,,,1,,,,,,round,,,,,,,,,,MonkBA
Deflect Missiles,Class,Monk,2,Lower the hit type by 2 of a ranged attack you recieve,R,,X,,,,,,,,,,,,,,,,,
Powerful oath,Class,Paladin,0,You have 2Lvl oath points. Regain all on rest,,,,,,,,,,,,,,,,,,,,
Hands of hope,Class,Paladin,1,Heal a creature. V max is X,1,,,V,,,,5,,,,,,2V,,,,,,
Divine Smite,Class,Paladin,1,Deal Damage to a creature you hit. V Max is X,0,,,V,,,,,,,,2V,,,,,,,,
Mount,Class,Paladin,2,"Summon a spectral mount. While riding it, Gain M movement for free each turn",C,,,,,,,,,Concentration,,,,,,,,,,
Primal Rage,Class,Primordial,0,"In Combat, reduce final incoming physical damage by 50%, rounded down",0,,,,,,,,,,,,,,,,,,,
Reckless Attack,Class,Primordial,1,Gain one 1dX atk boon and 1d6 defense bane,0,,,,,,,,,round,,,,,,,,,,
Battle Clarity,Class,Primordial,2,Gain 1dX to all skill checks after combat,,,,,,,,,,Hour,,,,,,,,,,
Mark Weakness,Class,Ranger,1,Mark a target; Your light hits against it become medium ,1,,,,,,,,,day,,,,,,,,,,
Tracker,Class,Ranger,2,You can use Mark Weakness on a target through their tracks. You know how to generally find your marked target,,,,,,,,,,,,,,,,,,,,
Surprise Strike,Class,Rouge,1,"When a creature you threaten attacks, you may make one attack against it",R,,,,,,,,,,,,,,,,,,,
Surprise Shot,Class,Rouge,1,"When a creature in weapon range takes a slow action or moves away, you may make one ranged attack against it.",R,,,,,,,,,,,,,,,,,,,
Evasion,Class,Rouge,2,Lower the hit type by 2 of a hit you receive that affects an area,R,,X/2,,,,,,,,,,,,,,,,,
Casting adept,Class,Sorcerer,0,You have 2Lvl sorcery points. Regain all on rest,,,,,,,,,,,,,,,,,,,,
Metamagic,Class,Sorcerer,1,"You have X metamagic options, up to 3",,,,,,,,,,,,,,,,,,,,
Recharge,Class,Sorcerer,2,Restore A usage of a spell. V is the spell's power level,OOC,,,V,,,,,,,,,,,,,,,,
Hex,Class,Warlock,1,-/Target has 1dX bane on attacks/+. Limit 1 Hex,1,X,,,,,,,,Combat,Will,X/2X/3X,,,,,,,,
Binding circle,Class,Warlock,2,Bind the target to the location/+And restrain them/+And prevent them from attacking outside of it. Recasting this spell increases the hit result by 1,C,,,,,,,30,,Concentration,Will,,,,,,,,,
Studious Spellcaster,Class,Wizard,1,You know twice as many spells.,,,,,,,,,,,,,,,,,,,,
Book Casting,Class,Wizard,1,"You don't consume charges when you cast spells, but you must take 10 min to cast any spell. You may store X spells to cast normally, chosen when you rest",,,,,,,,,,,,,,,,,,,,
Spell Inference,Class,Wizard,2,You know two additional spell lists,,,,,,,,,,,,,,,,,,,,
Sharp claws,Druid,Wild Shape,1,Increase damage by 1/2/3,,,,1,,,,,,,,,,,,,,,,
Tough hide,Druid,Wild Shape,1,Increase Health by 5,,,,1,,,,,,,,,,,,,,,,
Wild reflexes,Druid,Wild Shape,1,"Increase Movement by 10, up to 60",,,,1,,,,,,,,,,,,,,,,
Keen senses,Druid,Wild Shape,1,1d8 boon when detecting creatures,,,,1,,,,,,,,,,,,,,,,
Low profile,Druid,Wild Shape,1,1d8 defense boon against being detected,,,,1,,,,,,,,,,,,,,,,
Brutal blows,Druid,Wild Shape,1,Heavy hits knock prone,,,,2,,,,,,,,,,,,,,,,
Flippers,Druid,Wild Shape,1,Can swim as fast as your movement,,,,1,,,,,,,,,,,,,,,,
Wings,Druid,Wild Shape,1,Can fly as fast as your movement,,,,4,,,,,,,,,,,,,,,,
,Elementalist,beyond,0,,,,,,,,,,,,,,,,,,,,,
,Elementalist,beyond,0,,,,,,,,,,,,,,,,,,,,,
,Elementalist,beyond,0,,,,,,,,,,,,,,,,,,,,,
Void Tendrils,Elementalist,beyond,1,,,,,,,,,,,,,,,,,,,,,
,Elementalist,beyond,1,,,,,,,,,,,,,,,,,,,,,
,Elementalist,beyond,1,,,,,,,,,,,,,,,,,,,,,
,Elementalist,cosmic,0,,,,,,,,,,,,,,,,,,,,,
,Elementalist,cosmic,0,,,,,,,,,,,,,,,,,,,,,
,Elementalist,cosmic,0,,,,,,,,,,,,,,,,,,,,,
Magic missile,Elementalist,cosmic,1,,,,,,,,,,,,,,,,,,,,,
,Elementalist,cosmic,1,,,,,,,,,,,,,,,,,,,,,
,Elementalist,cosmic,1,,,,,,,,,,,,,,,,,,,,,
,Elementalist,dark,0,,,,,,,,,,,,,,,,,,,,,
,Elementalist,dark,0,,,,,,,,,,,,,,,,,,,,,
,Elementalist,dark,0,,,,,,,,,,,,,,,,,,,,,
,Elementalist,dark,1,,,,,,,,,,,,,,,,,,,,,
,Elementalist,dark,1,,,,,,,,,,,,,,,,,,,,,
,Elementalist,dark,1,,,,,,,,,,,,,,,,,,,,,
Stone bolt,Elementalist,earth,0,Your heavy bolt hits dX Daze,,,,,,,,,,,,,,,,,,,,
Digger,Elementalist,earth,0,Move up to 5ft cubed of earth. This can dig a tunnel 1 person wide,1A,,,,,,,,,,,,,,,,,,,
Rock Armor,Elementalist,earth,0,Gain Temp Hp. This can stack up to 4X,1,,,,,,,,,Hour,,,,,X,,,,,
Boulder Toss,Elementalist,earth,1,,S,1,,,10,,sphere,90,,,Focus,10X/12X/14X,,,,,,,,
Tremor,Elementalist,earth,1,-/Knock Prone/+ slow 10,S,1,,,30,,sphere,60,,Round,Focus,4X/6X/8X,,,,,,,,
Dust cloud,Elementalist,earth,1,Obscure Area,S,X,,,40,,sphere,120,,Concentration,,,,,,,,,,
Catapult,Elementalist,earth,1,"Fire a chunk of terrain in a line, hitting the first target",1A,2X,,,60,,Line,60,,,Intuition,6X/8X/10X,,,,,,,,
Fissure,Elementalist,earth,2,Goes through walls and other cover,S,1,,,90,10,Line,self,,,Intuition,10X/14X/16X,,,,,,,,
Wall of Stone,Elementalist,earth,2,Raise a wall up to the length. Any segment can instead be 3 to 12 ft high. Damage pinned targets.,1,,,,60,,Curve,60,,Hour,Focus,2X/4X/6X,,,,10X,,,,
Electric bolt,Elementalist,electric,0,Your bolt deals damage to another creature in 5 ft,,,,,,,,,,,,X,,,,,,,,
Shocking grasp,Elementalist,electric,0,Target is Shocked/+/+,1A,,,,,,,20,,Round,intuition,0/X/2X,Energy,,,,,,,
Jolt,Elementalist,electric,0,Revive a target who died in the last minute,S,,,,,,,10,,,,,,,,,,,,
Thunderwave,Elementalist,electric,1,Push targets 5/5X/10X Feet,1A,1,,,15,,cube,self,,,Will,4X/6X/8X,,,,,,,,
Linked Lightning,Elementalist,electric,1,"As long as you are concentrating, you can take this action again. Break concentration if line of sight is broken",1A,X/2,,,,,,60,,concentration,intuition,6X/8X/10X,Energy,,,,,,,
Discharge,Elementalist,electric,1,,1A,1,,,,,,5,,,Focus,12X/15X/18X,Energy,,,,,,,
Lightning Bolt,Elementalist,electric,2,,S,1,,,60,10,line,self,,,Focus,10X/12X/14X,Energy,,,,,,,
Repulsion Field,Elementalist,electric,2,Reduce Ranged and Area hit types by one,1,X/2,,,,,,self,,Stance,,,,,,,,,,
Shock trap,Elementalist,electric,2,"Lay a dull mote on the ground. When an enemy comes in range, deal damage to it. Takes 1 Round to recharge. Up to X Bolts",C,1,,,60,,sphere,5,,Day,intuition,8X/10X/12X,Energy,,,,,,,
Fire bolt,Elementalist,fire,0,Your bolt damage is increased,,,,,,,,,,,,2X/3X/4X,Thermal,,,,,,,
Bonfire,Elementalist,fire,0,,1A,,,,5,,cube,60,,concentration,Focus,1X/2X/3X,Thermal,,,,,,,
Heat shield,Elementalist,fire,0,Reduce incoming non-physical damage by 2X,R,,,,,,,,,,,,,,,,,,,
Heartfire,Elementalist,fire,1,Repeat the damage every turn,1A,X/2,,,,,,90,,concentration,Will,4X/6X/8X,Thermal,,,,,,,
Breath of fire,Elementalist,fire,1,,S,1,,,20,,cone,self,,,Focus,8X/10X/12X,Thermal,,,,,,,
Hot Flash,Elementalist,fire,1,Remove 2dX worth of banes. Your next thermal damage this combat deals more damage,1,X,,,,,,,,,,3X,Thermal,,,,,,,
Melting Beam,Elementalist,fire,2,"Deal damage at the start of casting. Deal double Damage at the mid-round, and triple when finished. Damage negated with no line of sight, or transfered to the first enemy in a line",C,1,,,,,,90,,,Will,2X/3X/4X,Thermal,,,,,,,
Flame blade,Elementalist,fire,2,"A weapon becomes fire. Attacking with it only has one swing, and deals modified damage",I,X/2,,,,,,,,concentration,,W+ 3X/5X/7X,W+Thermal,,,,,,,
Wall of Fire,Elementalist,fire,2,Damages targets who pass through or stay inside,S,1,,,30,,Curve,90,,Combat,Focus,10X/12X/14X,Thermal,,,,,,,
frost bolt,Elementalist,ice,0,Your bolt also slows for 0/5/10,,,,,,,,,,,,,Thermal,,,,,,,
Cold blood,Elementalist,ice,0,-/Target can't restore HP/+,1A,,,,,,,60,,,Will,X/+/2X,Thermal,,,,,,,
Ice skate,Elementalist,ice,0,"You can move over liquids, and ignore slippery surfaces",,,,,,,,,,,,,,,,,,,,
Arctic Armor,Elementalist,ice,1,Gain Temp Hp. Melee hits received cause damage to the attacker,1,X/2,,,,,,,,Hour,,3X,Thermal,,3X,,,,,
Ice Knife,Elementalist,ice,1,Hits in a cone behind the target if it medium hits the initial target,S,X/2,,,10,,cone,90,,,intuition,4X/7X/10X,Thermal,,,,,,,
Frost Nova,Elementalist,ice,1,Slow 10/20/30,S,1,,,20,,sphere,60,,round,Focus,8X/10X/12X,Thermal,,,,,,,
Freeze,Elementalist,ice,2,-/Target is Restrained/+,1A,X/2,,,,,,90,X-1,concentration,Will,6X/10X/14X,Thermal,,,,,,,
Blizzard,Elementalist,ice,2,Damage in an area. Ongoing area is difficult terrain. Targets inside or who enter fall prone on a medium hit,S,1,,,30,,sphere,60,,concentration,intuition,,,,,,,,,
Hypothermia,Elementalist,ice,2,Slow 5/Slow 10/ + Dazed,S,1,,,,,,60,,Ailment,Will,10X/14X/18X,Thermal,,,,,,,
Guiding bolt,Elementalist,light,0,Your bolt adds a 1d6 defense Bane,,,,,,,,,,round,,,Energy,,,,,,,
Light,Elementalist,light,0,A ball of light follows you. it glows as brightly as you choose,,,,,,,,,,,,,,,,,,,,
Flare,Elementalist,light,0,"Shoots a light up to 0.5X miles in the air, where it explodes, visible for 3 times that distance",,,,,,,,,,,,,,,,,,,,
Brightbeam,Elementalist,light,1,,S,1,,,40,,line,self,,,Focus,10X/12X/14X,Energy,,,,,,,
Flashbang,Elementalist,light,1,-/Targets are 1dX blinded/2dX,S,1,,,40,,sphere,60,,round,intuition,4X/6X/8X,Energy,,,,,,,
Warding flare,Elementalist,light,1,"When an ally is attacked, give a 3dX defense boon",R,X,,,,,,,,,,,,,,,,,,
Mirrorball,Elementalist,light,2,Any harm that affects the target also affects the caster,1A,X/2,,,,,,60,,round,,,,,,,,,,
Prismatic orb,Elementalist,light,2,,S,X-1,,,,,,90,,,intuition,6X/10X/14X,All,,,,,,,
Sunbeam,Elementalist,light,2,"Damage in an area and all who enter. Move this zone at the mid round, then deal damage to all inside",S,1,,,20,,sphere,60,,Concentration,Will,6X/8X/10X,,,,,20,,,
,Elementalist,metal,0,,,,,,,,,,,,,,,,,,,,,
,Elementalist,metal,0,,,,,,,,,,,,,,,,,,,,,
,Elementalist,metal,0,,,,,,,,,,,,,,,,,,,,,
,Elementalist,metal,1,,,,,,,,,,,,,,,,,,,,,
,Elementalist,metal,1,,,,,,,,,,,,,,,,,,,,,
,Elementalist,metal,1,,,,,,,,,,,,,,,,,,,,,
,Elementalist,plague,0,,,,,,,,,,,,,,,,,,,,,
,Elementalist,plague,0,,,,,,,,,,,,,,,,,,,,,
,Elementalist,plague,0,,,,,,,,,,,,,,,,,,,,,
,Elementalist,plague,1,,,,,,,,,,,,,,,,,,,,,
,Elementalist,plague,1,,,,,,,,,,,,,,,,,,,,,
,Elementalist,plague,1,,,,,,,,,,,,,,,,,,,,,
,Elementalist,soul,0,,,,,,,,,,,,,,,,,,,,,
,Elementalist,soul,0,,,,,,,,,,,,,,,,,,,,,
,Elementalist,soul,0,,,,,,,,,,,,,,,,,,,,,
,Elementalist,soul,1,,,,,,,,,,,,,,,,,,,,,
,Elementalist,soul,1,,,,,,,,,,,,,,,,,,,,,
,Elementalist,soul,1,,,,,,,,,,,,,,,,,,,,,
,Elementalist,water,0,,,,,,,,,,,,,,,,,,,,,
,Elementalist,water,0,,,,,,,,,,,,,,,,,,,,,
,Elementalist,water,0,,,,,,,,,,,,,,,,,,,,,
,Elementalist,water,1,,,,,,,,,,,,,,,,,,,,,
,Elementalist,water,1,,,,,,,,,,,,,,,,,,,,,
,Elementalist,water,1,,,,,,,,,,,,,,,,,,,,,
,Elementalist,wind,0,,,,,,,,,,,,,,,,,,,,,
,Elementalist,wind,0,,,,,,,,,,,,,,,,,,,,,
,Elementalist,wind,0,,,,,,,,,,,,,,,,,,,,,
,Elementalist,wind,1,,,,,,,,,,,,,,,,,,,,,
,Elementalist,wind,1,,,,,,,,,,,,,,,,,,,,,
,Elementalist,wind,1,,,,,,,,,,,,,,,,,,,,,
Spell-Touched,Magitech,Custom Weapon,2,Add a damage type,,,,1,,,,,,,,,,,,,,,,
Combination,Magitech,Custom Weapon,2,Fuse another weapon to it. You may attack with any of the weapons,,,,1,,,,,,,,,,,,,,,,
Extension,Magitech,Custom Weapon,2,Reach increased by 5 ft,,,,1,,,,,,,,,,,,,,,,
Warning,Magitech,Custom Weapon,2,Weapon hums when danger is nearby,,,,1,,,,,,,,,,,,,,,,
Vicious,Magitech,Custom Weapon,2,The number needed for a critical hit is reduced by 1,,,,2,,,,,,,,,,,,,,,,
Consistent,Magitech,Custom Weapon,2,Light hits become medium,,,,2,,,,,,,,,,,,,,,,
Aerodynamic,Magitech,Custom Weapon,2,Range increased by 30ft,,,,1,,,,,,,,,,,,,,,,
,Scholar,abjuration,0,,,,,,,,,,,,,,,,,,,,,
,Scholar,abjuration,0,,,,,,,,,,,,,,,,,,,,,
,Scholar,abjuration,0,,,,,,,,,,,,,,,,,,,,,
Shield,Scholar,abjuration,1,,,,,,,,,,,,,,,,,,,,,
Alarm,Scholar,abjuration,1,,,,,,,,,,,,,,,,,,,,,
,Scholar,abjuration,1,,,,,,,,,,,,,,,,,,,,,
Knock,Scholar,abjuration,2,Lock or unlock an object. Loud,,,,,,,,,,,,,,,,,,,,
Cleanse objects,Scholar,Blessed,0,Poison and disease not affecting a creature is rendered inert,C,,,,,,,5,,,,,,,,,,,,
Guidance,Scholar,Blessed,0,Add 1d4 Boon to a roll,R,2X,,,,,,,,,,,,,,,,,,
Fervor,Scholar,Blessed,0,Your hits deal more damage,1,,,,,,,,,Concentration,,X,Energy,,,,,,,
Cure wounds,Scholar,Blessed,1,,1A,X,,,,,,30,,,,,,8X,,,,,,
Bless,Scholar,Blessed,1,Targets have 1dX Attack Boon,S,1,,,,,,30,1+2X,Concentration,,,,,,,,,,
Terror Smite,Scholar,Blessed,1,Add damage and -/Frighten/+,AMod,X/2,,,,,,W,,Concentration,W,3X/4X/5X,Soul,,,,,,,
Consecration,Scholar,Blessed,2,Enemies inside are slowed 5/ + 1dX attack bane/ +cannot enter,OOC,1,,,240,,sphere,self,,Hour,,,,,,,,,,
Heroism,Scholar,Blessed,2,"Target is immune to frighten and fear, and gains temp HP now and each turn",1A,X/2,,,,,,60,,Concentration,,,,,4X,,,,,
Retribution,Scholar,Blessed,2,"Damage a target that damaged an ally. If that ally was you, also dX Daze",S,X-1,,,,,,90,,Ailment,Will,10X/14X/18X,Soul,,,,,,,
Sacred knight,Scholar,Blessed,3,,,,,,,,,,,,,,,,,,,,,
,Scholar,blood,0,,,,,,,,,,,,,,,,,,,,,
,Scholar,blood,0,,,,,,,,,,,,,,,,,,,,,
,Scholar,blood,0,,,,,,,,,,,,,,,,,,,,,
,Scholar,blood,1,,,,,,,,,,,,,,,,,,,,,
,Scholar,blood,1,,,,,,,,,,,,,,,,,,,,,
,Scholar,blood,1,,,,,,,,,,,,,,,,,,,,,
Mending,Scholar,clockwork,0,,,,,,,,,,,,,,,,,,,,,
,Scholar,clockwork,0,,,,,,,,,,,,,,,,,,,,,
,Scholar,clockwork,0,,,,,,,,,,,,,,,,,,,,,
,Scholar,clockwork,1,,,,,,,,,,,,,,,,,,,,,
,Scholar,clockwork,1,,,,,,,,,,,,,,,,,,,,,
,Scholar,clockwork,1,,,,,,,,,,,,,,,,,,,,,
Wristpocket,Scholar,clockwork,2,,,,,,,,,,,,,,,,,,,,,
Mage hand,Scholar,conjuration,0,move and manipulate objects at range. It can use 10X lbs of force,1,,,,,,,30,,concentration,,,,,,,15,,,
Conjure Object,Scholar,conjuration,0,Create temporary small object that glows faintly. Limit 1,S,,,,,,,,,Hour,,,,,,,,,,
Create Cover,Scholar,conjuration,0,Create a small wall that provides half cover. Limit 1,S,,,,,,,,,Hour,,,,,,10X,,,,
Familiar,Scholar,conjuration,1,Summon a small scout. Talk telepathically with it,1A,1,,,,,,5,,Day,,,,,,5X,25,,,
Helping hands,Scholar,conjuration,1,Summon a swarm of mage hands to carry up to 500X lbs. You can move it within range of you,S,X/2,,,,,,30,,Hour,,,,,,,,,,
Faerie Fire,Scholar,conjuration,1,"Targets have a -/1/2dX Bane on defense, and are outlined while invisible",1A,X/2,,,20,,cube,60,,Concentration,Focus,5X/7X/9X,Energy,,,,,,,
Healing spirit,Scholar,conjuration,2,"Summon an ethereal spirit. Allies that touch it are healed, only once per ally. Max 3 heals.",1,X/2,,,,,,60,,Concentration,,,,4X,,,20,,,
Summon Beast,Scholar,conjuration,2,Summon an angry beast,S,1,,,,,,30,,Concentration,Will,,,,,10X,30,2X/3X/4X,2,
Web,Scholar,conjuration,2,Create a zone of webbing. Units and those who enter are slowed 5/slowed 15/+ restrained dX.,1A,,,,30,,cube,90,,"Hour, Round",,,,,,,,,,
Identify,Scholar,divination,0,Learn physical and magical properties of an item,C,,,,,,,5,,,,,,,,,,,,
Right place,Scholar,divination,0,"At the start of any round, move 10ft unprovoked",,2X,,,,,,,,,,,,,,,,,,
Locate Object,Scholar,divination,0,"Know the location of an object you're familiar with. Precise within 500Xft, direction within 0.5X miles",S,,,,,,,,,Concentration,,,,,,,,,,
Detect Magic,Scholar,divination,1,"Detect magic in range, and what type it is",S,X/2,,,60,,Sphere,self,,Concentration,,,,,,,,,,
Comprehend languages,Scholar,divination,1,Understand all spoken and written language that isn't coded,1,X/2,,,,,,,,Hour,,,,,,,,,,
Fated Flame,Scholar,divination,1,Give a Target 1dX attack boon,,1,,,,,,30,,Hour,,,,,,,,,,
Smoke of Revelation,Scholar,divination,2,Doesn't require sight. Creates a visible aura. Know how many targets hit/+where they are/+,1A,X,,,40,,Sphere,90,,-/Hour/Day,,,,,,,,,,
Portent,Scholar,divination,2,"At the start of the day, roll X d20 portent dice. Save them, and then swap them with any roll ",I,,,,,,,,,,,,,,,,,,,
Fatemaker,Scholar,divination,2,Add a 1d4 Boon to this attack. Its result determines damage type and extra effects. 1 - Thermal - Add 6X damage. 2 - Energy - Med hits dX Incapacitate for a Round. 3 - Bio - dX Poison for Ailment. 4 - Soul - Daze for a Round and set area to 15ft Sphere,S,,,,V,,V,60,,V,Will,6X/8X/10X,V,,,,,,,
Truesight,Scholar,divination,3,,,,,,,,,,,,,,,,,,,,,
,Scholar,enchantment,0,,,,,,,,,,,,,,,,,,,,,
,Scholar,enchantment,0,,,,,,,,,,,,,,,,,,,,,
,Scholar,enchantment,0,,,,,,,,,,,,,,,,,,,,,
,Scholar,enchantment,1,,,,,,,,,,,,,,,,,,,,,
,Scholar,enchantment,1,,,,,,,,,,,,,,,,,,,,,
,Scholar,enchantment,1,,,,,,,,,,,,,,,,,,,,,
Blur,Scholar,illusion,0,Gain 1dX Defense Boon,1A,,1,,,,,,,Concentration,,,,,,,,,,
Unearthly echos,Scholar,illusion,0,-/Frighten targets/+,S,,,,20,,Sphere,60,,Round,Will,1X/2X/3X,Soul,,,,,,,
Minor image,Scholar,illusion,0,Produce a small visual or sound,1,,,,,,,60,,Minute,,,,,,,,,,
Disguise self,Scholar,illusion,1,Disguise yourself as a different person,S,,,,,,,,,,,,,,,,,,,
Passport,Scholar,illusion,1,Produce a document that gives you minor authority. The Target's mind creates the result of this,1,X/2,,,,,,10,,,,,,,,,,,,
Color Spray,Scholar,illusion,1,-/dX Blind Targets/+,S,1,,,20,,Cone,Self,,Round,Focus,4X/6X/8X,Soul,,,,,,,
Mirror Image,Scholar,illusion,2,"Make a intangible copy of yourself. You must mentally command it, and it cannot leave the range",1,1,,,,,,120,,Hour,,,,,,,,,,
Invisibility,Scholar,illusion,2,Make target Invisible. They shimmer for a minute when interacting or attacking,1A,X,,,,,,20,X-1,Concentration,,,,,,,,,,
Silence,Scholar,illusion,2,No sound or spellcasting can take place inside the area,S,X-1,,,20,,sphere,60,,Concentration,,,,,,,,,,
Major image,Scholar,illusion,3,,,,,,,,,,,,,,,,,,,,,
,Scholar,necromancy,0,,,,,,,,,,,,,,,,,,,,,
,Scholar,necromancy,0,,,,,,,,,,,,,,,,,,,,,
,Scholar,necromancy,0,,,,,,,,,,,,,,,,,,,,,
,Scholar,necromancy,1,,,,,,,,,,,,,,,,,,,,,
,Scholar,necromancy,1,,,,,,,,,,,,,,,,,,,,,
,Scholar,necromancy,1,,,,,,,,,,,,,,,,,,,,,
,Scholar,plant,0,,,,,,,,,,,,,,,,,,,,,
,Scholar,plant,0,,,,,,,,,,,,,,,,,,,,,
Tall grass,Scholar,plant,0,,,,,,,,,,,,,,,,,,,,,
Entangle,Scholar,plant,1,,,,,,,,,,,,,,,,,,,,,
Barkskin,Scholar,plant,1,Hits below 8+2X do not hit the target,C,,,,,,,5,1,Hour,,,,,,,,,,
,Scholar,plant,1,,,,,,,,,,,,,,,,,,,,,
Message,Scholar,psychic,0,Point towards a target. You can speak telepathically to them ,S,,,,,,,120,,,,,,,,,,,,
Encode thoughts,Scholar,psychic,0,Encode a memory into an object. It can be experienced by any holder,1,,,,,,,,,,,,,,,,,,,
Detect Thoughts,Scholar,psychic,0,Read the target's surface thoughts,1A,,,,,,,15,,,,,,,,,,,,
Hivemind,Scholar,psychic,1,Link target's minds together. They can speak telepathically for the duration.,1A,,,,,,,10,3X,Hour,,,,,,,,,,
Panic,Scholar,psychic,1,-/Target is Frighted/Feared/,S,1,,,,,,,,Round,intuition,8X/10X/12X,Soul,,,,,,,
Sleep,Scholar,psychic,1,Target has 1dX bane to perceive/Target falls asleep/+,S,,,,20,,Cube,90,,Minute/+/Hour,Will,,,,,,,,,
Probe mind,Scholar,psychic,2,"Read a target's recent thoughts/secrets/any memory, up to X memories",C,X/2,,,,,,5,,,Focus,,,,,,,,,
Blind Spot,Scholar,psychic,2,Target can't perceive you unless within 30ft/5ft/Contact,1,1,,,,,,60,,Concentration,Intuition,,,,,,,,,
Synapse Snap,Scholar,psychic,2,-/dX Incapacitate/ dX Stun,S,X/2,,,,,,45,,Round,Will,4X/10X/16X,Soul,,,,,,,
,Scholar,transmutation,0,,,,,,,,,,,,,,,,,,,,,
,Scholar,transmutation,0,,,,,,,,,,,,,,,,,,,,,
,Scholar,transmutation,0,,,,,,,,,,,,,,,,,,,,,
Feather fall,Scholar,transmutation,1,,,,,,,,,,,,,,,,,,,,,
Grease,Scholar,transmutation,1,,,,,,,,,,,,,,,,,,,,,
,Scholar,transmutation,1,,,,,,,,,,,,,,,,,,,,,
Twinned,Sorcerer,Metamagic,1,This spell doubles its targets. Overlapping areas count once,0,,,2,,,,,,,,,,,,,,,,Metamagic
Massive,Sorcerer,Metamagic,1,This spell doubles its length.,0,,,1,,,,,,,,,,,,,,,,Metamagic
Silent,Sorcerer,Metamagic,1,This spell Doesn't require voice or motion to cast.,0,,,1,,,,,,,,,,,,,,,,Metamagic
Distant,Sorcerer,Metamagic,1,This spell has double range,0,,,1,,,,,,,,,,,,,,,,Metamagic
Persistent,Sorcerer,Metamagic,1,Double the duration of this spell,0,,,1,,,,,,,,,,,,,,,,Metamagic
Potent,Sorcerer,Metamagic,1,Add a 1d6 boon to this spell,0,,,2,,,,,,,,,,,,,,,,Metamagic
Quickened,Sorcerer,Metamagic,1,This spell is faster. S -> FA. 1A/F -> A. 1 -> 0,0,,,2,,,,,,,,,,,,,,,,Metamagic
Shifted,Sorcerer,Metamagic,1,Change the damage type of this spell to any other,0,,,1,,,,,,,,,,,,,,,,Metamagic
Mend,Spec,Beast,0,Restore health when combat begins,,,,,,,,,,,,,,1,,,,,,
Bolt,Spec,Elementalist,0,,1A,,,,,,,60,,,intuition,1X/2X/3X,,,,,,,,
Harm,Spec,Scholar,0,Apply -/1d4/2d4 Attack Bane,1A,,,,,,,60,,round,Will,X,,,,,,,,
First blood,Spec,Warrior,0,"The first time you deal damage in combat, deal more",,,,,,,,,,,,,1,,,,,,,
,Warrior,Combo,0,,,,,,,,,,,,,,,,,,,,,
,Warrior,Combo,0,,,,,,,,,,,,,,,,,,,,,
,Warrior,Combo,0,,,,,,,,,,,,,,,,,,,,,
,Warrior,Combo,1,,,,,,,,,,,,,,,,,,,,,
,Warrior,Combo,1,,,,,,,,,,,,,,,,,,,,,
,Warrior,Combo,1,,,,,,,,,,,,,,,,,,,,,
,Warrior,Critical,0,,,,,,,,,,,,,,,,,,,,,
,Warrior,Critical,0,,,,,,,,,,,,,,,,,,,,,
,Warrior,Critical,0,,,,,,,,,,,,,,,,,,,,,
,Warrior,Critical,1,,,,,,,,,,,,,,,,,,,,,
,Warrior,Critical,1,,,,,,,,,,,,,,,,,,,,,
,Warrior,Critical,1,,,,,,,,,,,,,,,,,,,,,
,Warrior,Defense,0,,,,,,,,,,,,,,,,,,,,,
,Warrior,Defense,0,,,,,,,,,,,,,,,,,,,,,
,Warrior,Defense,0,,,,,,,,,,,,,,,,,,,,,
,Warrior,Defense,1,,,,,,,,,,,,,,,,,,,,,
,Warrior,Defense,1,,,,,,,,,,,,,,,,,,,,,
,Warrior,Defense,1,,,,,,,,,,,,,,,,,,,,,
,Warrior,Defense,2,"Chose Will, Intuition, or Focus. Attacks against your chosen defense always miss",I,,X/2,,,,,,,round,,,,,,,,,,
,Warrior,Distracting,0,,,,,,,,,,,,,,,,,,,,,
,Warrior,Distracting,0,,,,,,,,,,,,,,,,,,,,,
,Warrior,Distracting,0,,,,,,,,,,,,,,,,,,,,,
,Warrior,Distracting,1,,,,,,,,,,,,,,,,,,,,,
,Warrior,Distracting,1,,,,,,,,,,,,,,,,,,,,,
,Warrior,Distracting,1,,,,,,,,,,,,,,,,,,,,,
,Warrior,Dueling,0,,,,,,,,,,,,,,,,,,,,,
,Warrior,Dueling,0,,,,,,,,,,,,,,,,,,,,,
,Warrior,Dueling,0,,,,,,,,,,,,,,,,,,,,,
Parry,Warrior,Dueling,1,,,,,,,,,,,,,,,,,,,,,
,Warrior,Dueling,1,,,,,,,,,,,,,,,,,,,,,
,Warrior,Dueling,1,,,,,,,,,,,,,,,,,,,,,
,Warrior,Flurry,0,,,,,,,,,,,,,,,,,,,,,
,Warrior,Flurry,0,,,,,,,,,,,,,,,,,,,,,
,Warrior,Flurry,0,,,,,,,,,,,,,,,,,,,,,
Cleave,Warrior,Flurry,1,This attack hits additional targets in range of your target,AMod,,X,,,,,5X/2,X,,,,,,,,,,,
Fury of battle,Warrior,Flurry,1,"On a heavy hit, gain 1d4 Attack boon, once per round",,,,,,,,,,Combat,,,,,,,,,,
,Warrior,Flurry,1,,,,,,,,,,,,,,,,,,,,,
Interception,Warrior,Protection,0,"Intervene doesn't make the attack a heavy hit, and your first one each combat is an Instant action",,,,,,,,,,,,,,,,,,,,
Bulky frame,Warrior,Protection,0,You provide half cover to allies,,,,,,,,,,,,,,,,,,,,
Heroic Leap,Warrior,Protection,0,Jump up to Mft to an ally,1,,X,,,,,,,,,,,,,,,,,
Braced Block,Warrior,Protection,1,Reduce this incoming damage by 5X,I,,X,,,,,,,,,,,,,,,,,
Battle Cry,Warrior,Protection,1,Taunt enemies for 1/2/3dX,1,,X/2,,20,,reach,self,,round,Focus,,,,,,,,,
Crushing blow,Warrior,Protection,1,-/Reduce target's defence by 1dX/+,AMod,,X,,,,,,,Round,,,,,,,,,,
Bouncing blows,Warrior,Protection,2,Throw a shield or weapon. It bounces up to 20 ft to additional targets. Targets are -/Dazed/+,1A,,X/2,,,,,45,X+1,Round,,W,,,,,,,,
Thick of battle,Warrior,Protection,2,You can't be flanked,,,,,,,,,,,,,,,,,,,,
Unshakable,Warrior,Protection,2,"You or an ally in 5ft ignores dazed, incapacitated, stunned, or prone",I,,X/2,,,,,,,,,,,,,,,,,
Deadly throws,Warrior,Pushing,0,Fall damage you cause is increased by X,,,,,,,,,,,,,,,,,,,,
Hard Shove,Warrior,Pushing,0,Push (action) distance is increased by 5X and can be in any direction away from you,,,,,,,,,,,,,,,,,,,,
Pushing strike,Warrior,Pushing,0,Push 0/5X/10X ft,AMod,,X,,,,,,,,,,,,,,,,,
Suplex,Warrior,Pushing,1,-/Move an enemy to the other side of you/+,1A,,X,,,,,,,,,4X/6X/8X,,,,,,,,
Wall Crack,Warrior,Pushing,1,Pushing any enemy into a wall deals damage for every 5ft of movement remaining,,,,,,,,,,,,X+1,,,,,,,,
Shoulder tackle,Warrior,Pushing,1,"Move up to 20ft toward the target, then push 10X/15X/20X feet",S,,,,,,,5,,,Will,2X/3X/4X,,,,,,,,
Drag,Warrior,Pushing,2,"Pull 5/10/15ft. If melee, you may move to make room for this pull after attacking",AMod,,,,,,,,,,,,,,,,,,,
Caber Toss,Warrior,Pushing,2,Throw a creature you are grappling 15X Feet,1,,X,,,,,,,,Will,4X/6X/8X,,,,,,,,
Teardown,Warrior,Pushing,2,Break down a wall with X Tons of Force,C,,,,,,,,,,,,,,,,,,,
Approach opening,Warrior,Sentinel,0,Movement towards you also triggers melee opportunity,,,,,,,,,,,,,,,,,,,,
Overwatch,Warrior,Sentinel,0,"When a creature makes a ranged attack, you may make a ranged attack at them",R,,X,,,,,,,,,,,,,,,,,
Watchful eye,Warrior,Sentinel,0,You cannot be surprised. 1dX boon to perceive hidden threats,,,,,,,,,,,,,,,,,,,,
Slow to start,Warrior,Sentinel,1,"When you draw first blood, Set the target's speed to 0",,,,,,,,,,round,,,,,,,,,,
Active repel,Warrior,Sentinel,1,"When you hit with a reaction, refund the reaction, up to once a round",,,,,,,,,,,,,,,,,,,,
Shackle,Warrior,Sentinel,1,"-/For the rest of the round, target can't move further from you/+",AMod,,X,,,,,,,,,,,,,,,,,
Disruptive presence,Warrior,Sentinel,2,5ft around you is difficult terrain for enemies,,,,,,,,,,,,,,,,,,,,
Barrage,Warrior,Sentinel,2,"Designate an area. During the Fast turn, you may make 2 attacks on units inside as an instant action",S,,X/2,,15,,cube,90,,concentration,W,,,,,,,,,
Observer,Warrior,Sentinel,2,"Watching a unit reveals info: Lowest defense, relative level, Special abilities, other info",,,,,,,,,,,,,,,,,,,,
Backstep,Warrior,Striding,0,"After you hit, you may move 5 ft unprovoked",,,,,,,,,,,,,,,,,,,,
Momentum,Warrior,Striding,0,"For every 10 movement toward a target before you attack, you deal more damage when you hit",,,,,,,,,,,,X,,,,,,,,
Striding Strikes,Warrior,Striding,0,"Make an attack. As long as you are more than 20 feet from your starting location, you can make a second attack from there",1A,,X/2,,,,,W,,,W,,,,,,,,,
Burst of speed,Warrior,Striding,1,Gain 15ft of movement,0,,X/2,,,,,,,,,,,,,,,,,
Shocking Strike,Warrior,Striding,1,-/Target is shocked/+,AMod,,,,,,,W,,,W,,,,,,,,,
Wall run,Warrior,Striding,1,"You can climb walls at full speed, but can't end your turn or act there",,,,,,,,,,,,,,,,,,,,
Continual Motion,Warrior,Striding,2,Take a 1 action turn in both the slow and fast turns this round,I,,X,,,,,,,,,,,,,,,,,
Baton Pass,Warrior,Striding,2,"An ally whose turn it is moves 10-15ft to you unprovoked. If they end adjacent to you, gain M +15 movement",1,,X/2,,,,,,,,,,,,,,,,,
Lightning strike,Warrior,Striding,2,Move through any creatures to a target and attack with modified damage on the first hit,F,,X,,,,,20,,,Focus,W + 4X,W + Energy,,,,,,,
Fatal Cascade,Warrior,Sweeping,0,"If you kill a creature, deal damage to another in range",,,,,,,,5X/2,,,,2X,,,,,,,,
Moving tide,Warrior,Sweeping,0,"When you deal damage to a creature, gain 5 movement, up to 5X",,,,,,,,,,,,,,,,,,,,
Steel Blockade,Warrior,Sweeping,0,"You cannot be pushed, pulled, or slid. When you deal a heavy, slow hit, gain 1dX defense",,,,,,,,,,round,,,,,,,,,,
Trip attack,Warrior,Sweeping,1,-/Slow 15/ Target is prone,AMod,,,,,,,W,,,W,,,,,,,,,
Sweep,Warrior,Sweeping,1,,S,,X/2,,5X/2 +5,,Cone,self,,,W,W,,,,,,,,
Whirlwind,Warrior,Sweeping,1,,S,,X/2,,5X/2,,Reach,self,,,W,W,,,,,,,,
Wind slash,Warrior,Sweeping,2,Unthreatened,1A,,X,,,,,R+45,,,Intuition,W + 4X,,,,,,,,
Team knockdown,Warrior,Sweeping,2,After ally medium hit this turn: Your next hit on the target pushes 15 and knocks prone,AMod,,,,,,,,,,,,,,,,,,,
Shielded Gale,Warrior,Sweeping,2,"You spin to create a bubble of strong winds. No sound, projectiles, flames, or harmful gas can exist within",1,,,,15,,sphere,self,,Concentration,,,,,,,,,,
Dagger,Weapon,Weapon,0,"Can be thrown up to 30 ft, ignoring threatening penalty",1A,,,,,,,,,,Will,1/1/2,,,,,,,,
Shortsword,Weapon,Weapon,0,,1A,,,,,,,,,,Will,1/2/3,,,,,,,,
Hammer,Weapon,Weapon,0,Medium hits apply shocked,1A,,,,,,,,,Round,Will,1/1/2,,,,,,,,
Whip,Weapon,Weapon,0,,1A,,,,,,,10,,,Will,1/1/2,,,,,,,,
Hand Axe,Weapon,Weapon,0,"Can be thrown up to 30 ft, ignoring threatening penalty. Can't be used with another attacking weapon",1A,,,,,,,,,,Will,1/2/3,,,,,,,,
Rapier,Weapon,Weapon,0,Can't be used with another attacking weapon,1A,,,,,,,,,,Will,2/3/4,,,,,,,,
Mace,Weapon,Weapon,0,Medium hits apply shocked. Can't be used with another attacking weapon,1A,,,,,,,,,Round,Will,1/2/3,,,,,,,,
Spear,Weapon,Weapon,0,Can't be used with another attacking weapon,1A,,,,,,,10,,,Will,1/2/3,,,,,,,,
Javelin,Weapon,Weapon,0,"Can be thrown up to 30 ft, ignoring threatening penalty. Two Handed",1A,,,,,,,,,,Will,2/4/5,,,,,,,,
Greatsword,Weapon,Weapon,0,Two Handed,1A,,,,,,,,,,Focus,3/5/6,,,,,,,,
Greathammer,Weapon,Weapon,0,Medium hits apply shocked. Two Handed,1A,,,,,,,,,Round,Focus,2/4/5,,,,,,,,
Halbird,Weapon,Weapon,0,Two Handed,1A,,,,,,,10,,,Focus,2/4/5,,,,,,,,
Wand,Weapon,Weapon,0,Your spells have 30 bonus range,1A,,,,,,,,,,,,,,,,,,,
Staff,Weapon,Weapon,0,Ignore threatened penalty. Two Handed,1A,,,,,,,,,,,,,,,,,,,
Tome,Weapon,Weapon,0,Plus 6 to your concentration score,1A,,,,,,,,,,,,,,,,,,,
Orb,Weapon,Weapon,0,10 slow move,1A,,,,,,,,,,,,,,,,,,,
Free hand,Weapon,Weapon,0,interact costs 0,1A,,,,,,,,,,,,,,,,,,,
Parrying dagger,Weapon,Weapon,0,Plus 4 to melee attacks,1A,,,,,,,,,,,,,,,,,,,
Shield,Weapon,Weapon,0,All incoming damage reduced by 1,1A,,,,,,,,,,,,,,,,,,,
Crossbow,Weapon,Weapon,0,Two Handed,1A,,,,,,,80,,,Intuition,2/4/5,,,,,,,,
Hand Crossbow,Weapon,Weapon,0,,1A,,,,,,,80,,,Intuition,1/1/2,,,,,,,,
Shortbow,Weapon,Weapon,0,"Two Handed. Can make 2 swings as a slow action, gaining 15 slow move",1A,,,,,,,80,,,Intuition,1/2/3,,,,,,,,
Longbow,Weapon,Weapon,0,Two Handed. Can make 2 swings as a slow action,1A,,,,,,,80,,,Intuition,2/3/4,,,,,,,,
Rifle,Weapon,Weapon,0,Two Handed. Must be reloaded as a 1 Attack action,1A,,,,,,,80,,,Intuition,4/6/8,,,,,,,,
Pistol,Weapon,Weapon,0,Must be reloaded as a 1 Attack action,1A,,,,,,,80,,,Intuition,2/3/4,,,,,,,,
Blunderbuss,Weapon,Weapon,0,Can't be used with another attacking weapon. Must be reloaded as a 1 Attack action,1A,,,,,,,80,,,Intuition,3/5/6,,,,,,,,